
{
  "ID": 45,
  "Name": "Oasis",
  "Resource Location": "atum:oasis",
  "Class": "com.teammetallurgy.atum.world.biome.BiomeOasis",
  "Root Height": 0.135,
  "Height Variation": 0.0,
  "Top Block": "atum:fertile_soil",
  "Filler Block": "atum:limestone[contains_scarab\u003dfalse]",
  "Ocean Top Block": "Disabled. Activate in BiomeTweakerCore.",
  "Ocean Filler Block": "Disabled. Activate in BiomeTweakerCore.",
  "Actual Filler Blocks": "Disabled. Activate in BiomeTweakerCore.",
  "Grass Color": "Disabled. Activate in BiomeTweakerCore.",
  "Foliage Color": "Disabled. Activate in BiomeTweakerCore.",
  "Water Color": "16421912",
  "Temperature": 2.0,
  "Humidity": 0.0,
  "Water Tint": 16421912,
  "Enable Rain": false,
  "Enable Snow": false,
  "Dictionary Types": [
    "OASIS",
    "RARE",
    "LUSH",
    "WET"
  ],
  "BiomeManager Entries": {},
  "Spawnable Creatures": [
    {
      "Entity Class": "com.teammetallurgy.atum.entity.animal.EntityCamel",
      "Weight": 6,
      "Min Group Count": 2,
      "Max Group Count": 6
    }
  ],
  "Spawnable Monsters": [],
  "Spawnable Water Creatures": [],
  "Spawnable Cave Creatures": [],
  "Spawn Biome": false,
  "Tweaked": false
}