
{
  "ID": 46,
  "Name": "Sand Dunes",
  "Resource Location": "atum:sand_dunes",
  "Class": "com.teammetallurgy.atum.world.biome.BiomeSandDunes",
  "Root Height": 0.175,
  "Height Variation": 0.2,
  "Top Block": "atum:sand",
  "Filler Block": "atum:sand",
  "Ocean Top Block": "Disabled. Activate in BiomeTweakerCore.",
  "Ocean Filler Block": "Disabled. Activate in BiomeTweakerCore.",
  "Actual Filler Blocks": "Disabled. Activate in BiomeTweakerCore.",
  "Grass Color": "Disabled. Activate in BiomeTweakerCore.",
  "Foliage Color": "Disabled. Activate in BiomeTweakerCore.",
  "Water Color": "16421912",
  "Temperature": 2.0,
  "Humidity": 0.0,
  "Water Tint": 16421912,
  "Enable Rain": false,
  "Enable Snow": false,
  "Dictionary Types": [
    "SPARSE",
    "HILLS",
    "HOT",
    "DRY",
    "ATUM",
    "SANDY"
  ],
  "BiomeManager Entries": {},
  "Spawnable Creatures": [
    {
      "Entity Class": "com.teammetallurgy.atum.entity.animal.EntityDesertRabbit",
      "Weight": 5,
      "Min Group Count": 2,
      "Max Group Count": 3
    },
    {
      "Entity Class": "com.teammetallurgy.atum.entity.animal.EntityCamel",
      "Weight": 6,
      "Min Group Count": 2,
      "Max Group Count": 6
    }
  ],
  "Spawnable Monsters": [
    {
      "Entity Class": "com.teammetallurgy.atum.entity.bandit.EntityAssassin",
      "Weight": 1,
      "Min Group Count": 1,
      "Max Group Count": 1
    },
    {
      "Entity Class": "com.teammetallurgy.atum.entity.bandit.EntityBarbarian",
      "Weight": 8,
      "Min Group Count": 1,
      "Max Group Count": 2
    },
    {
      "Entity Class": "com.teammetallurgy.atum.entity.bandit.EntityBrigand",
      "Weight": 30,
      "Min Group Count": 2,
      "Max Group Count": 3
    },
    {
      "Entity Class": "com.teammetallurgy.atum.entity.bandit.EntityNomad",
      "Weight": 22,
      "Min Group Count": 1,
      "Max Group Count": 4
    },
    {
      "Entity Class": "com.teammetallurgy.atum.entity.undead.EntityBonestorm",
      "Weight": 5,
      "Min Group Count": 1,
      "Max Group Count": 2
    },
    {
      "Entity Class": "com.teammetallurgy.atum.entity.undead.EntityForsaken",
      "Weight": 22,
      "Min Group Count": 1,
      "Max Group Count": 4
    },
    {
      "Entity Class": "com.teammetallurgy.atum.entity.undead.EntityMummy",
      "Weight": 30,
      "Min Group Count": 1,
      "Max Group Count": 3
    },
    {
      "Entity Class": "com.teammetallurgy.atum.entity.undead.EntityWraith",
      "Weight": 10,
      "Min Group Count": 1,
      "Max Group Count": 2
    },
    {
      "Entity Class": "com.teammetallurgy.atum.entity.stone.EntityStoneguard",
      "Weight": 34,
      "Min Group Count": 1,
      "Max Group Count": 2
    },
    {
      "Entity Class": "com.teammetallurgy.atum.entity.stone.EntityStonewarden",
      "Weight": 1,
      "Min Group Count": 1,
      "Max Group Count": 1
    },
    {
      "Entity Class": "com.teammetallurgy.atum.entity.animal.EntityTarantula",
      "Weight": 20,
      "Min Group Count": 1,
      "Max Group Count": 3
    }
  ],
  "Spawnable Water Creatures": [],
  "Spawnable Cave Creatures": [
    {
      "Entity Class": "net.minecraft.entity.passive.EntityBat",
      "Weight": 5,
      "Min Group Count": 8,
      "Max Group Count": 8
    }
  ],
  "Spawn Biome": false,
  "Tweaked": false
}